UserId,UserName,Password
1,user01,user01
2,user02,user02
3,user03,user03
4,user04,user04
5,user05,user05
6,user06,user06
7,user07,user07
8,user08,user08
9,user09,user09
10,user10,user10
11,user11,user11
12,user12,user12
13,user13,user13
14,user14,user14
15,user15,user15
16,user16,user16
17,user17,user17
18,user18,user18
19,user19,user19
20,user20,user20
21,user21,user21
22,user22,user22
23,user23,user23
24,user24,user24
25,user25,user25
26,user26,user26
27,user27,user27
28,user28,user28
29,user29,user29
30,user30,user30
